Lottery,X,Variance,U_-2.0,U_0.0,U_0.25,U_0.3,U_0.5,U_0.75,Ranking,Ranking_0.0,Ranking_0.25,Ranking_0.3,Ranking_0.5,Ranking_0.75,U_-1.0,U_0.22,U_0.26,U_0.27,U_0.28,U_1.0,Ranking_0.22,Ranking_0.26,Ranking_0.27,Ranking_0.28,Ranking_1.0
1,25.0,625.0,5208.333333333333,25.0,14.9071198499986,13.597528133684845,10.0,8.94427190999916,1,1,1,1,1,1,312.5,15.786963471230843,14.629985196705734,14.360625152849554,14.098870120524456,Inf,1,1,1,1,1
2,20.0,100.0,2666.6666666666665,20.0,12.609888120042344,11.631158043911555,8.94427190999916,8.458970107524513,4,4,4,4,4,4,200.0,13.265047025581621,12.403106621367883,12.201944259005252,12.0062975015756,Inf,4,4,4,4,2
3,22.5,368.75,3796.875,22.5,13.774493079968599,12.630766967704448,9.486832980505138,8.711754349385725,3,3,3,3,3,3,253.125,14.54145157705784,13.532665394015945,13.297511607777619,13.068896441505402,Inf,3,3,3,3,3
4,24.125,511.73,4680.375651041667,24.125,14.514070494881436,13.262612639635721,9.82344135219425,8.8649608469273,5,5,5,5,5,5,291.0078125,15.354295993093832,14.249318652764567,13.99195130229556,13.741811136268248,Inf,5,5,5,5,4
5,21.625,251.11,3370.9095052083335,21.625,13.370751695250348,12.28488912761549,9.300537618869138,8.62579277231682,2,2,2,2,2,2,233.8203125,14.098443489802975,13.14122363817032,12.917994778371291,12.700941251390761,Inf,2,2,2,2,5
6,12.0,0.0,576.0,12.0,8.596559454588336,8.134461953594657,6.928203230275509,7.4448388728167965,6,6,6,6,6,6,72.0,8.905673505199514,8.498893798099132,8.40387239633193,8.31147304440317,Inf,6,6,6,6,6
