attribute,elasticity
Price,-1.7294227373013769
Caffeine Score,2.1297732808374192
Caffeine Cost (OLS),1.0585651382267605
Caffeine Cost (2SLS),1.292178152430548
