attribute,elasticity
Price,-1.051844947839811
Caffeine Score,2.049232276598911
Caffeine Cost,0.22814449360896266
